ssn,name,address,blood_group,mail,age,sex,smoker
160-03-3999,Melissa Conner,AB+,johnking@yahoo.com,37,M,False
686-17-5413,Patty Weber,O+,whitakerchristine@yahoo.com,19,M,False
419-40-6212,Michael Smith,A-,carrie23@gmail.com,69,M,True
608-52-3098,Stephanie Martin,AB+,wfisher@hotmail.com,85,F,False
230-29-8530,Joseph Guzman,AB-,lopezjennifer@gmail.com,72,F,True
049-30-3797,April Shaw,O-,ichavez@gmail.com,35,F,False
121-01-4904,Michelle Mcgrath,A-,rodriguezrebecca@hotmail.com,40,M,False
678-98-4606,Scott Snyder,AB+,mary70@gmail.com,28,F,False
438-95-8795,Peter Wilson,A-,fjohnson@gmail.com,39,F,False
286-57-6225,Tommy Choi,AB+,robert07@yahoo.com,59,F,False
770-80-4850,Vanessa Nelson,O+,steven24@hotmail.com,89,F,False
821-40-9849,Robert Brewer,B-,thomasjoshua@gmail.com,70,F,False
829-80-2262,Michael King,AB-,larsenkyle@gmail.com,65,M,False
364-64-3457,Linda Garcia,AB-,mtorres@hotmail.com,44,M,False
055-38-4542,Cindy Mosley,O+,wilsonjennifer@yahoo.com,68,M,False
652-76-3961,Jessica Dominguez,A-,castillodebra@hotmail.com,37,F,False
238-30-0680,Alicia Haas,O-,stacy42@gmail.com,94,M,False
329-14-6331,Karen Collins,A-,jennamiller@gmail.com,90,F,True
309-06-6579,Mark Cobb,B-,matthew07@gmail.com,84,F,False
265-86-4496,Joe Leonard,O+,brianna86@gmail.com,64,F,False
670-95-0518,Scott Kim,B+,pam80@yahoo.com,55,F,False
577-25-1251,Kathleen Miller,A-,mckinneybenjamin@yahoo.com,90,M,False
059-03-1647,Matthew Chavez,B-,juliabaker@yahoo.com,81,F,True
744-57-2367,Morgan Robinson,O+,chavezdebra@yahoo.com,22,M,True
592-13-4225,Kara Harper,O+,vgilbert@gmail.com,59,F,True
671-95-3827,John Moore,A+,meganluna@gmail.com,62,M,False
895-73-5523,Ashley Douglas MD,O-,nmcdowell@gmail.com,73,M,True
899-92-4968,Paul Johnson,O-,adamswesley@yahoo.com,52,M,False
349-35-6090,Nicole Erickson,O+,gsosa@hotmail.com,42,F,False
176-30-7248,John Cole,B-,joseph58@gmail.com,51,M,False
211-29-7923,Karen Taylor,B+,uboyle@hotmail.com,97,F,True
655-79-7411,Timothy Schmidt,AB+,hernandezraymond@yahoo.com,64,M,True
729-92-5892,William Moore,B-,dustincharles@hotmail.com,53,M,False
487-76-3277,Stephen Thompson,B-,pbarber@yahoo.com,97,M,False
358-88-9049,Kimberly Bennett,AB-,nlambert@gmail.com,62,F,False
377-86-6873,Rachel Mckinney,AB+,staciefaulkner@yahoo.com,36,M,True
313-35-5949,Jasmine Roberts,B+,carolynbarber@yahoo.com,80,M,False
670-01-1767,Kristine Brown,B-,carol05@yahoo.com,38,F,False
731-52-8809,Michael Guzman,O+,lisa45@gmail.com,36,F,False
201-53-0423,Mr. Kyle Collins Jr.,A-,amberspencer@yahoo.com,70,M,True
017-29-5041,Denise Marshall,AB-,mariah40@gmail.com,39,M,False
366-85-0796,Laurie Leonard,O-,downswilliam@gmail.com,48,M,False
513-29-9142,Brianna Cummings,A-,thomashall@yahoo.com,40,M,True
581-81-1493,Mr. Paul Bush,A-,zmahoney@hotmail.com,20,M,True
756-74-5514,Corey Chandler,B+,rebecca66@gmail.com,57,F,False
889-94-3560,Kara Branch,AB+,michaelmiller@hotmail.com,43,F,True
179-95-5610,Maria Murray,O+,brittanyjackson@hotmail.com,76,F,False
043-04-9818,Taylor Williams,AB-,marilynwood@yahoo.com,78,F,False
581-96-1872,Kelsey Gomez,A+,nray@yahoo.com,59,F,False
771-32-5831,Jeremy Robinson,B+,jennifer29@gmail.com,25,M,False
022-24-7305,Michael Barrett,O+,shannon41@gmail.com,64,M,False
897-60-8534,Todd Abbott,B-,greeneric@gmail.com,73,M,False
126-18-1220,Elizabeth Brooks,A-,ashley19@hotmail.com,50,F,False
867-21-0503,Michael Barrett,A-,aavila@yahoo.com,56,M,True
366-27-4019,Melissa Ray,B+,franklin19@yahoo.com,41,M,False
447-42-6087,Dalton Ross,O+,rcalderon@hotmail.com,61,M,True
677-68-7276,Jimmy Cochran,A-,emma45@yahoo.com,44,M,False
318-96-6733,Jeremy Browning,A+,thomashernandez@hotmail.com,79,M,False
647-27-4927,Joshua Romero,B+,skerr@gmail.com,69,F,False
236-31-2405,Terry Thompson,B-,jennifercollins@gmail.com,40,M,True
745-32-4491,Karen Cline,B-,michael39@yahoo.com,76,M,False
721-77-8647,James Hernandez,B-,brianrich@gmail.com,30,F,False
536-71-4325,Kayla Wilson,AB-,diazmichael@gmail.com,69,M,False
018-77-2840,Priscilla Sandoval,B-,vpark@gmail.com,51,F,False
690-76-7468,Paul Gregory,AB+,ryanhernandez@yahoo.com,21,M,True
788-02-6578,Jennifer Jackson,B-,volson@gmail.com,49,M,False
505-15-3001,Christopher Osborne,O-,mckenziedavid@hotmail.com,67,M,False
139-53-2372,Thomas Leon,A+,coryperkins@yahoo.com,66,M,True
698-31-6423,Sean Thompson,B-,floresgregory@hotmail.com,53,F,False
698-37-5298,Garrett Mcpherson,B+,joseph69@gmail.com,19,F,False
325-87-7200,Angela Richards,B-,krista64@yahoo.com,35,M,False
863-90-8658,Angela Norman,AB-,ysullivan@gmail.com,51,M,True
762-94-5632,Linda Taylor,O+,paulajordan@gmail.com,54,F,True
532-99-3856,John Reeves,A+,zelliott@gmail.com,43,M,True
086-76-5946,Alejandro Estrada,B-,tracyevans@hotmail.com,36,F,True
479-84-6587,Michelle Coleman,A+,igonzalez@hotmail.com,70,M,True
894-05-6522,Katherine Jackson,A+,johnathanjohnson@yahoo.com,81,M,False
879-64-0110,Oscar Gray,AB+,chayden@gmail.com,54,M,False
022-17-7833,Brad Jensen,O+,stephenjenkins@hotmail.com,29,M,True
668-52-5401,Erik Lewis DDS,B+,stephanie86@yahoo.com,22,M,True
832-37-5906,Nathan Mccall,AB-,petersonjames@gmail.com,45,M,False
211-02-4254,Veronica Lewis,B+,xharris@yahoo.com,76,F,False
601-47-1808,John Kelly,AB+,ihill@gmail.com,57,M,True
870-63-7083,Vanessa Hernandez,O-,kingdonald@yahoo.com,77,M,False
862-78-4295,Deborah Gonzales,O-,sheilasmith@gmail.com,20,M,True
158-37-0289,Denise Patterson,AB-,wbuckley@hotmail.com,63,F,False
611-29-4812,Paul Montoya,A+,karenwaters@hotmail.com,78,M,True
582-25-4132,Jennifer Anderson,O-,christopher00@yahoo.com,97,M,True
110-57-2169,Laura Nguyen MD,A-,katherinewise@yahoo.com,59,F,True
501-25-9333,Joshua Keith,O-,david15@gmail.com,96,F,False
607-69-1375,Anthony Chambers,O+,fhuynh@gmail.com,95,M,False
376-12-2888,Donna Wilson,A-,omoore@gmail.com,75,F,False
493-85-4507,Benjamin Liu,AB-,clarklindsay@gmail.com,70,F,False
716-42-3825,Amanda Cross,B+,yjoseph@yahoo.com,56,F,False
492-52-4278,Timothy Hughes,B+,eric95@hotmail.com,86,F,False
074-11-8601,George Richards,O-,jacob54@gmail.com,29,M,True
659-81-9350,Richard Ashley,AB+,wcruz@gmail.com,62,M,False
311-14-6765,Crystal Miller,AB-,edward08@gmail.com,64,F,False
760-24-5009,Jessica Marshall,A-,rileychristopher@gmail.com,39,F,True
086-44-9147,Martin Lopez,A-,shepparddarryl@gmail.com,57,F,False
262-51-9426,Devin Mccall,AB-,peterphelps@hotmail.com,61,F,False
806-83-7819,Andrew Crosby,AB-,hobbsjessica@gmail.com,42,M,True
625-73-1498,Lindsay Wright,AB-,williamskathleen@hotmail.com,57,M,True
435-90-8594,Jeremy Hughes,A-,nthompson@gmail.com,48,M,True
541-80-7797,John Jones,AB-,josephgonzalez@hotmail.com,73,F,True
200-43-5983,Melissa Bell,O+,gjohnson@yahoo.com,23,F,False
110-92-1659,Charles Schmidt,O-,adam38@hotmail.com,72,M,False
761-04-2671,Natasha Williams,AB-,connie43@gmail.com,48,M,True
753-98-2923,Kathy Carter,B-,christinekelley@gmail.com,72,M,True
198-65-0796,Jeremy Young,AB+,joshua25@gmail.com,45,F,False
702-43-8515,Jennifer Torres,B+,kevin92@yahoo.com,44,M,True
199-76-0905,Carl Conley,B+,gabrielaclark@gmail.com,37,M,False
577-83-0372,Troy Skinner,B+,sanchezrichard@yahoo.com,63,M,True
730-60-1830,Christopher Rogers,B+,mcmillanryan@hotmail.com,21,M,False
102-05-4089,Jordan Brown,O-,jesusmeyer@gmail.com,77,M,False
188-70-7787,Tyler Hood,B-,asantos@gmail.com,32,M,False
425-92-8987,Timothy Bauer DVM,B-,bairdbenjamin@hotmail.com,88,M,False
650-83-3952,Sara Taylor,O-,benjamin55@yahoo.com,56,F,False
477-26-6855,Kaitlyn Alvarez,B+,umueller@gmail.com,38,M,True
174-08-6603,Kevin Hunter,B+,ghardin@hotmail.com,47,M,False
447-80-3650,Miranda Zuniga,O+,kelly76@yahoo.com,54,M,False
505-80-4642,Cheryl Summers,AB-,mgardner@hotmail.com,51,F,False
814-54-9470,Alexander Campbell,O+,dennismoore@gmail.com,83,F,True
111-07-0402,James Anderson,O-,aalexander@gmail.com,35,F,False
202-18-3531,Tammy Martinez,B-,kleinronald@gmail.com,57,M,False
418-64-6835,Joshua Thompson,AB-,gloria20@yahoo.com,70,F,False
362-96-5048,Lee Smith,A+,christophercummings@hotmail.com,52,F,False
769-40-5182,William Hughes,B+,garzajoseph@gmail.com,71,F,False
497-20-3278,Dr. Connor Johnson,O+,ddavis@gmail.com,53,F,True
324-63-4160,Douglas Harris,A+,emily18@gmail.com,46,M,True
609-88-3347,Joan Banks,B+,parkerwendy@hotmail.com,79,M,False
796-59-9809,Brittany Rodriguez PhD,B-,mcneilhaley@hotmail.com,91,M,False
565-73-7914,Sandra Bird,O+,donaldlang@hotmail.com,52,F,True
131-30-7273,Kimberly Santiago,AB+,lpayne@hotmail.com,44,M,False
137-72-3386,Daniel Howell,AB+,douglas06@gmail.com,75,M,False
099-49-2280,Mr. Glenn Kelly,A+,umarks@gmail.com,50,F,True
762-24-7293,Sabrina Smith,AB-,ubrown@yahoo.com,38,F,False
709-77-7153,George Davis,A+,ortizdavid@gmail.com,38,M,True
167-20-9451,Kimberly Thomas,B-,jessicaharrington@hotmail.com,79,M,True
110-63-2324,Nathan Valencia,B-,holly40@yahoo.com,64,M,True
219-69-3907,Joe Hester,A-,jcampbell@gmail.com,65,M,False
454-08-1794,Brooke Morris,B-,patelrobyn@yahoo.com,92,M,False
554-51-5727,Heather Rose,O-,josephmoreno@hotmail.com,39,M,False
664-46-6497,Alexander Haynes,O+,garciajeffrey@hotmail.com,49,F,True
630-74-5469,Emily Martinez,A+,eshepard@hotmail.com,21,F,False
724-35-0275,Samantha Davis,AB-,palmerjason@yahoo.com,61,M,False
538-04-7362,Suzanne Perez,A-,harrellandrew@yahoo.com,48,M,False
013-42-0945,Kelli Baird,B-,laurenmartin@hotmail.com,40,M,True
592-17-0084,Matthew Williams,AB-,nelsonanna@yahoo.com,52,M,True
077-59-5214,Brittany Jimenez,A-,thorntondawn@yahoo.com,98,M,False
090-54-5788,Christopher Neal,A+,gabrielherrera@gmail.com,52,F,False
668-45-5596,Stuart Jackson,O+,ashley47@yahoo.com,92,M,True
496-86-0770,Matthew Logan,B+,carolineperry@hotmail.com,25,F,True
520-23-3392,Mrs. Katelyn Thompson,AB-,jonesjennifer@gmail.com,69,M,True
864-38-7481,Ronald Jones,A-,blopez@gmail.com,84,M,True
630-17-0627,Heather Clark,AB+,lisa23@yahoo.com,84,F,False
035-23-8391,Maurice Marshall,AB-,brittanybarker@hotmail.com,74,M,False
090-44-5440,Donald Howard,B+,wallsleonard@yahoo.com,52,M,False
540-11-4958,Robert Franklin,O+,zpeterson@yahoo.com,35,M,True
555-42-7097,Dawn Salazar,AB-,gchen@hotmail.com,27,F,False
865-63-4634,Robert Quinn,AB-,mckenziecharles@gmail.com,79,M,False
168-39-8359,Kathryn Soto,AB-,robertwilliams@gmail.com,55,M,False
384-01-3004,Kimberly Gonzalez,O+,ericamueller@yahoo.com,69,M,True
617-15-3819,Lindsey Young,B-,frychad@gmail.com,54,F,False
466-33-7944,Alisha Dixon,A+,gsanchez@yahoo.com,26,M,True
207-65-6550,Brett Gomez,A-,shannonmoran@yahoo.com,48,F,False
441-30-8788,James Smith,AB+,donald46@hotmail.com,48,M,False
210-94-1682,Denise Griffin,O+,tryan@gmail.com,59,F,False
325-17-5131,Albert Martin,A+,forbeseric@yahoo.com,20,M,False
732-39-2890,Terry Brooks,B+,ysilva@hotmail.com,40,F,False
581-04-9089,Lisa Williams,B+,williamguerra@hotmail.com,74,M,False
727-32-8538,James Wood,B+,heather78@yahoo.com,44,M,True
734-99-3522,Mary Dean,AB-,aaronholden@yahoo.com,66,F,False
455-01-0963,Toni Howard,AB-,jessicaoliver@yahoo.com,78,M,True
833-30-2859,Kathleen Hudson,AB+,nicholas54@gmail.com,56,F,True
686-21-7454,Mark Moore,A+,tiffanyrosales@gmail.com,65,M,False
700-41-2572,Joel Lewis,A-,millerkenneth@gmail.com,63,M,False
728-11-7663,Chad Anderson,B-,toddtodd@yahoo.com,64,M,True
001-62-4401,Levi Smith,A-,russell01@yahoo.com,54,F,True
378-88-3464,Cathy Evans,AB-,nancydiaz@gmail.com,19,F,False
755-11-8416,Tracy Black,B+,craigwhite@hotmail.com,71,F,False
517-81-8225,Louis Ramsey,AB+,teresawilliams@yahoo.com,49,M,True
044-62-7791,Jason Ryan,AB-,psmith@hotmail.com,72,F,False
085-12-6019,Thomas Trujillo,A+,john11@gmail.com,82,F,False
042-15-9529,Cindy Lewis,O+,melissapatel@yahoo.com,66,M,False
876-37-7124,Kimberly Miller,B+,scarrillo@yahoo.com,88,F,False
367-87-1033,Natalie Chavez,O+,robertwebb@gmail.com,54,M,True
490-76-6184,Nicole Wilson,A-,kelly92@yahoo.com,41,M,False
353-06-5201,Richard Zavala,AB+,brandyyang@yahoo.com,48,M,True
473-39-2926,John Morris,AB+,ogarcia@yahoo.com,87,F,False
475-90-6580,Jessica Riggs,AB+,ginaramos@hotmail.com,95,F,False
748-36-8875,Courtney Robinson,AB-,agardner@gmail.com,44,M,False
237-54-2043,Paul Webb,A-,hgonzalez@gmail.com,52,M,False
872-81-4282,Benjamin Velazquez,O-,ashley38@gmail.com,34,M,False
428-03-8905,David Dixon,AB+,jenniferparker@yahoo.com,92,F,True
044-07-1039,Alyssa Hatfield,A-,katiewright@yahoo.com,99,M,False
649-98-3208,Christopher Diaz,O+,adrienne00@hotmail.com,59,M,True
538-58-0766,Steven Dean,A+,lesliehuff@hotmail.com,76,M,True
795-09-4808,Mrs. Courtney Velez,B-,stephanie82@gmail.com,40,M,False
448-06-8682,Meghan Davis,B-,iray@gmail.com,69,F,False
749-41-5891,Robert Wilson,B-,thomasdenise@yahoo.com,91,M,False
595-26-0860,William Martinez,AB-,benjamin45@hotmail.com,73,F,False
798-20-5273,Amanda Jones,O+,kmarshall@yahoo.com,70,F,True
515-79-3641,Susan Harris,A+,moorelisa@gmail.com,96,M,False
675-40-1613,Ryan Gillespie,B+,fadams@hotmail.com,25,F,False
880-57-8208,Ryan Rosales,B-,adamsparks@yahoo.com,89,M,True
896-28-9866,Tiffany Wallace,B-,charper@hotmail.com,64,M,False
229-09-6426,Sarah Carrillo,A-,fryan@gmail.com,59,M,False
043-25-6283,Michael Pope,B+,angelazimmerman@yahoo.com,74,F,True
196-38-2136,Gregory Rhodes,B-,tarafields@gmail.com,43,M,False
407-78-0606,Clarence Keller,O-,andrew72@yahoo.com,40,M,False
559-10-8641,Robin Dorsey,AB-,jennifer31@hotmail.com,98,M,True
148-09-8811,Rachel Woods,A-,nicholas54@gmail.com,63,F,False
673-44-1838,Ricky Reyes,B+,andrewmiller@hotmail.com,65,F,False
486-48-8248,Erica Cook,A-,ymitchell@yahoo.com,30,F,False
415-45-3513,Justin Byrd,A+,xmadden@hotmail.com,94,M,True
315-18-6417,Jennifer Davis,A+,bakerchristine@gmail.com,50,M,False
061-67-1917,Cole Fischer,A-,cantusteven@gmail.com,76,M,False
637-63-9664,April Andrade,B+,melissagarcia@hotmail.com,20,M,True
382-10-8908,Jesus Moore,O-,kdavis@gmail.com,72,M,False
716-70-0193,Elizabeth Garcia,B-,tyler29@yahoo.com,67,M,True
391-48-0851,Mike French,B-,nsmith@yahoo.com,99,M,False
671-09-9273,Ryan Smith,B+,julia44@gmail.com,38,M,False
232-24-4510,Amanda Hester,O-,clarkjulie@hotmail.com,38,M,True
075-82-5895,Beth Smith,B+,staceyshannon@gmail.com,85,F,True
255-12-4554,Steve Stevens,A+,millerterry@gmail.com,49,F,False
233-76-2423,Glenn Miller,B+,micheal39@gmail.com,35,M,True
488-75-0790,Kathryn Berry,B+,smithapril@gmail.com,56,F,False
245-93-3839,Matthew Williams,B-,rogerserik@gmail.com,57,M,True
503-57-3089,Ariana Smith,AB+,katherine99@hotmail.com,19,M,True
831-70-7536,Stephanie Watson,A-,connerbeth@hotmail.com,21,M,True
575-96-4012,Megan Lopez,A+,mayderek@gmail.com,83,M,True
774-28-5176,Elizabeth Robertson,A+,kboyd@hotmail.com,48,M,False
235-86-8536,Lori Cox PhD,AB-,gcruz@yahoo.com,86,M,False
277-46-1756,Alicia Conway,O-,aaron94@gmail.com,97,F,True
112-62-2447,Cassandra Woodward,O+,williamskelly@yahoo.com,61,M,True
751-52-5356,Larry Sherman,AB+,briannamiranda@yahoo.com,38,M,False
856-44-8410,Laura Medina,B-,samanthadavis@yahoo.com,80,M,True
397-54-2090,Joshua Harper,AB+,corey77@hotmail.com,92,M,True
579-56-6471,Audrey Ewing,AB-,lorrainesanchez@hotmail.com,43,F,False
801-62-2593,John Camacho,A-,tiffanylee@yahoo.com,58,F,True
257-20-8316,Taylor Andrews,A-,hickmancarrie@yahoo.com,50,F,True
453-69-0223,Lauren Callahan,AB-,plin@hotmail.com,33,F,True
059-50-9406,Mary Weiss,O-,jeremyallen@gmail.com,32,M,False
868-13-4826,Charles Kim,A-,adamsgeorge@gmail.com,54,M,False
624-59-1963,Hector Moore,A-,patrick55@yahoo.com,43,F,False
796-48-9785,Tiffany Santos,A-,wsmith@gmail.com,78,F,False
011-95-8011,Maureen Stewart,A-,thorntonshane@hotmail.com,44,F,False
683-06-8739,Thomas Gibson,B+,franklinmichele@hotmail.com,53,F,False
080-02-7212,Mr. Luis Sullivan,O-,susanclark@gmail.com,30,M,False
467-58-1661,Nicholas Allen,O+,cgay@yahoo.com,55,M,True
373-21-6170,Hannah Moss,AB+,tammy93@yahoo.com,61,F,False
592-60-8099,Anthony Bradley,A-,clopez@gmail.com,64,M,False
680-29-2661,Michael Hurley,O-,sandra66@yahoo.com,58,F,False
122-41-4411,Philip Smith,O+,frederick51@hotmail.com,24,M,True
269-51-7548,Penny Clements,B+,uramirez@yahoo.com,49,F,False
885-12-1714,Linda Owens,B-,ramirezjared@gmail.com,82,F,False
657-12-0339,Janet Tran,O+,jillianyoung@gmail.com,41,M,False
036-70-1369,Lee Johnson,A-,oanderson@hotmail.com,60,F,False
073-88-8184,Kevin Butler,B-,salvarez@hotmail.com,43,F,True
407-68-3295,April Williams,O+,edwardhall@gmail.com,61,F,False
758-02-8890,Sheila Johnson,AB+,christopher62@gmail.com,67,M,True
848-13-9196,John Bridges,B-,donnamiller@hotmail.com,42,M,False
393-10-4083,Mr. Eric Diaz Jr.,A-,joanmayer@gmail.com,25,F,False
376-69-2350,Deborah Reyes,O-,jonathanmartinez@yahoo.com,55,M,True
165-21-4693,Aaron Barry,O-,michaelmorton@yahoo.com,37,M,False
627-85-2461,Frank Page,A-,vallen@yahoo.com,26,M,False
700-18-2400,Christine Crane,O-,nkelly@gmail.com,43,M,False
311-35-3670,Ronald Murray,O-,adaniels@yahoo.com,51,F,False
650-65-2828,Matthew Campos,A+,taracobb@gmail.com,28,M,False
182-33-1876,Katrina Phillips,AB-,nhale@yahoo.com,76,F,True
375-20-4160,Amanda Villa,AB-,shannonyates@yahoo.com,99,M,True
340-28-9034,Christina Wheeler,A-,smithnicholas@gmail.com,72,M,False
828-07-9296,Megan Newton,AB-,chandlerholly@yahoo.com,89,F,False
490-47-3108,Cassandra Sweeney,AB-,kbutler@gmail.com,54,M,True
621-22-2883,Belinda Campbell,B+,joannhoward@yahoo.com,71,F,True
766-64-4512,Gregory Ferguson,AB+,craigbeltran@hotmail.com,59,M,True
293-47-0284,Brooke Boone,A+,joshua82@yahoo.com,54,M,True
197-65-1583,Judith Glenn,A+,ellisonkimberly@yahoo.com,74,M,False
067-50-3146,Bradley Hernandez,B-,schwartzlori@hotmail.com,99,F,False
334-98-8098,Brian Lopez,B+,dayjennifer@yahoo.com,50,F,True
591-12-0115,Anthony Lee,O+,timothymccormick@hotmail.com,74,M,True
776-15-2253,Katherine Morrow,A-,amberryan@yahoo.com,50,M,False
705-09-5212,Jessica Lopez,AB+,jeffreyhernandez@hotmail.com,64,M,False
046-99-3746,Connie Barber,B+,carlosvega@hotmail.com,55,M,False
729-79-2472,Ashley Blanchard,AB-,jacob17@gmail.com,59,F,True
007-04-0390,Sergio Martin,A-,batesmegan@gmail.com,58,M,True
196-08-6408,Caitlyn Thompson,A-,ncarney@gmail.com,29,F,False
839-53-7089,Kevin Houston,AB-,onealtara@yahoo.com,72,F,False
887-28-5376,Nicole Fischer,A-,annagarcia@yahoo.com,63,M,False
216-05-3341,Olivia Green,AB+,rickywilson@yahoo.com,65,F,False
772-35-2286,Carol Kelley,A+,douglas57@hotmail.com,63,F,False
642-60-7228,Gabrielle Tucker,A-,elizabethdeleon@hotmail.com,56,M,False
633-33-4116,Ray Perry,B-,amandascott@yahoo.com,82,M,False
642-60-2879,Donald Vasquez,B-,andrew36@yahoo.com,59,M,True
327-81-4555,Erica Buckley,A-,julieevans@gmail.com,95,F,False
068-23-6017,Maria Jones,B-,rayjonathan@yahoo.com,19,M,False
610-66-5687,Jose Bennett,A+,shane54@hotmail.com,58,F,False
298-81-2307,Robin Cole,AB-,ilewis@hotmail.com,52,M,False
138-66-8759,Jacob Solis,B+,ortizsandra@gmail.com,66,M,False
547-91-4882,Melissa Wallace,B+,bryan67@gmail.com,94,F,True
797-03-8642,Catherine Ferrell,O+,davidherrera@gmail.com,76,M,False
055-82-2358,Daisy Barber,O-,carolyn18@yahoo.com,65,F,True
029-84-8933,Brandon Thomas,AB+,qbrown@yahoo.com,52,M,True
808-01-3276,Felicia Sullivan,AB-,gutierrezchristian@hotmail.com,63,F,False
176-75-9101,Jennifer Rodriguez,AB-,vdavis@yahoo.com,71,M,True
563-61-9058,Edgar Baldwin,A-,josegeorge@hotmail.com,51,M,True
375-29-3323,Eric Fernandez,AB-,blopez@yahoo.com,83,F,True
862-50-7084,Julie Howard,AB-,wallacecaleb@gmail.com,82,M,False
785-25-5698,Nicholas Fisher,AB+,riosjimmy@yahoo.com,56,M,False
098-62-6136,Glenn Clark,A+,lisa87@yahoo.com,99,M,True
368-11-6855,Sabrina Mayo,AB+,davidbailey@gmail.com,49,M,False
454-34-5191,Angela Ramirez DDS,AB+,tammy07@yahoo.com,65,M,False
715-67-3695,Lucas Myers,B-,smcconnell@yahoo.com,62,M,True
623-87-8009,Edgar Hernandez,A-,michael34@gmail.com,55,F,False
166-81-1075,Pamela Chung,A-,janecruz@yahoo.com,70,M,True
895-49-6421,Matthew Jackson,AB-,evanscody@yahoo.com,68,M,False
231-29-8662,Alexander Hancock,A-,kaneamanda@gmail.com,69,F,False
118-73-9431,Joseph Logan,AB+,pbrennan@gmail.com,94,F,True
549-19-0733,Xavier Ellis,AB-,richard58@hotmail.com,50,M,False
317-63-5479,Douglas Daniels,A+,brittneysingleton@hotmail.com,37,F,False
179-34-1081,Stephanie Perez,A-,ucarpenter@hotmail.com,74,F,False
093-87-6577,Stacy Smith,AB-,cunninghamdon@hotmail.com,98,M,True
829-82-1734,Olivia Hanna,O-,brittany85@yahoo.com,18,M,True
545-56-4332,Tammy Moore,A-,jonathanroman@yahoo.com,37,F,False
007-94-9771,Stacy Price,A+,timothythomas@yahoo.com,47,F,False
108-35-3684,Brenda Taylor,B+,gabriel90@hotmail.com,55,M,False
153-35-7425,Gary Farmer,O-,zacharyprice@gmail.com,81,F,False
406-06-2135,Jacob Vega,A-,michaelcarey@yahoo.com,83,M,False
344-45-2341,Wendy Lowe,A-,richard14@gmail.com,69,F,False
280-48-1404,Courtney Anderson,A-,ryan52@yahoo.com,37,M,False
836-14-0368,Timothy Smith,AB-,victorblake@gmail.com,40,F,False
599-05-0277,Elizabeth Gonzalez,B+,ufrost@yahoo.com,71,M,True
250-15-6846,Robert Douglas,O+,ibenitez@gmail.com,61,F,False
382-89-9188,Kayla Ellis,A+,blanchardmaurice@yahoo.com,34,M,False
328-80-5111,Cassandra Matthews,B-,zachary64@hotmail.com,93,M,False
007-35-1344,James Hopkins,A-,kim85@hotmail.com,97,M,False
057-17-3321,Mary Meyer,A+,jwilliamson@yahoo.com,49,F,False
595-28-2719,Tiffany Barrett,O+,davidcarson@gmail.com,37,M,True
137-67-5636,Wesley Thomas,AB+,toddmccullough@yahoo.com,40,M,True
355-46-5803,David Brady,AB-,stephanie81@gmail.com,51,M,False
398-56-5011,Dr. Joanne Mcpherson,O-,juliesmith@gmail.com,49,F,False
885-41-8178,Mark Gomez,O-,amylopez@yahoo.com,37,F,False
163-33-0611,Julie Hamilton,O+,robinsonerik@gmail.com,58,F,False
773-65-4596,Jennifer Burns,A+,juliahines@hotmail.com,55,M,False
516-82-7925,Scott Ryan,A-,amymoore@yahoo.com,50,M,False
432-72-6887,Joshua Reed,AB-,iyork@hotmail.com,63,F,True
731-87-4976,Teresa Randall,A-,deniselawrence@yahoo.com,25,M,True
466-98-5011,Christian Schmidt,O+,bharris@hotmail.com,58,F,False
123-72-3301,Jamie Bauer,B+,bjones@hotmail.com,75,F,False
857-50-6635,Kelly Harris PhD,O+,amandawells@hotmail.com,26,M,True
601-55-4554,Elizabeth Pearson,AB+,brownbrandy@gmail.com,39,M,False
161-46-0422,Maria Combs,B+,shawnrodriguez@yahoo.com,96,M,True
805-89-3834,Christopher Holmes,A+,trevor44@yahoo.com,47,F,False
729-18-1367,Tiffany Browning,AB+,mcdonaldeugene@hotmail.com,49,M,True
682-69-6509,Christopher Steele,O-,crossmichael@yahoo.com,69,M,False
103-12-0542,Mr. Hunter Kennedy,B-,barnold@yahoo.com,51,M,False
456-82-1351,Betty Logan,AB-,esampson@hotmail.com,52,M,False
263-07-8855,Zachary Mitchell,A-,thomasbenjamin@gmail.com,54,M,False
007-57-6704,Robert Williamson,O+,scott74@hotmail.com,38,F,True
117-67-5504,Samuel Martin,B-,karenlambert@gmail.com,41,F,True
763-90-6659,Todd Wells,A+,curtisbob@hotmail.com,59,F,False
741-86-8563,Ann Powell,A+,todd00@hotmail.com,20,M,True
279-81-4850,Michael Alexander,A+,ygarrett@hotmail.com,84,F,True
360-07-6589,April Jackson,B-,charles86@hotmail.com,43,F,False
143-14-2624,William Rodriguez,AB-,james47@hotmail.com,19,M,True
520-40-5991,James Jacobs,B-,bradleyblankenship@hotmail.com,31,F,True
624-87-0763,Kelly Lopez,AB-,melanie35@yahoo.com,79,M,False
745-56-6948,Lawrence Oneal,O-,cellison@gmail.com,64,M,True
572-40-7409,Mark Young,AB-,terrellchristine@hotmail.com,48,M,True
392-35-9686,Melissa Olson,AB-,davisbrianna@yahoo.com,42,M,False
467-70-0274,Angela Duncan,B+,elainerose@hotmail.com,83,M,False
492-53-4342,Stephanie Gibbs,O+,reyesnichole@gmail.com,39,M,True
790-41-0996,Paul Myers,A+,smithjennifer@gmail.com,28,M,False
670-80-6081,Karen Simon,B+,andrea68@hotmail.com,39,F,False
323-54-8322,Aaron Rich,O+,jose47@yahoo.com,96,M,False
460-72-7483,Rachel Boone,O+,harriskenneth@yahoo.com,95,M,False
151-76-9998,Michael Richardson,O-,troywilliams@gmail.com,65,M,True
167-51-1164,Mary Gallagher,AB-,kaylahawkins@gmail.com,92,F,True
261-13-3021,Rodney Stewart,B+,wilsonderrick@gmail.com,40,M,True
693-94-7539,Kevin Burch,A-,diazstephanie@yahoo.com,66,M,True
430-60-2805,Brian Murphy,A-,zdelacruz@hotmail.com,56,M,False
807-54-0061,Jennifer Esparza,A-,arnoldstephen@gmail.com,72,F,False
164-08-9777,Joseph Clarke,AB+,gary59@gmail.com,79,M,False
454-38-1966,Brian Jacobs,A-,regina30@hotmail.com,91,M,False
364-99-6572,Christopher Edwards,O-,john48@yahoo.com,59,M,True
307-52-1988,Andrew Glass,A+,nross@yahoo.com,42,M,True
656-15-9156,Robert Boyer,A+,ryanjohnson@yahoo.com,74,M,True
009-12-9015,Cory Lam,B+,careyleslie@yahoo.com,56,F,False
090-31-9910,Holly Ward,AB-,johnsonrobert@gmail.com,35,M,False
399-05-7645,Terry Harris,B+,walleredward@gmail.com,82,F,True
234-65-3873,Matthew Gordon,A+,stephaniegonzales@yahoo.com,83,M,True
555-62-9886,William Hurley,B+,ajackson@hotmail.com,48,M,True
298-30-4813,Jacob Nguyen,A+,sara14@hotmail.com,87,F,False
343-05-5193,Shawn Davis,O+,shortmelinda@yahoo.com,75,M,False
658-98-1611,Dorothy Hall,AB+,darren63@hotmail.com,61,M,True
056-11-9097,Theresa Fischer,B+,laurawatts@gmail.com,99,F,False
886-05-4462,John Nguyen,AB-,rross@hotmail.com,75,M,False
369-25-8907,Joseph Villanueva,B-,uballard@yahoo.com,48,M,False
689-53-9820,Samuel Hicks,A-,lammichael@gmail.com,94,M,True
259-94-4520,Kathleen Gonzalez,B+,jenkinskelly@gmail.com,90,M,False
189-12-1775,Karen Ford,A-,smithcaroline@hotmail.com,65,F,True
379-64-8864,Stephanie Lewis,O-,johnperez@hotmail.com,41,M,False
151-22-9770,Samantha Mercer,O+,webermia@gmail.com,52,F,False
466-37-2938,George Cook DVM,A+,delacruzmary@gmail.com,81,M,False
871-50-4927,Mr. Jesse Gonzalez,A+,jessica80@yahoo.com,54,M,True
631-72-8746,Scott Walker,A+,robertgreen@hotmail.com,25,M,True
091-31-2988,Jose Murray,A+,tammycook@yahoo.com,98,F,False
068-37-4200,Virginia Castillo,AB+,carrillochloe@yahoo.com,45,M,True
507-34-5722,Thomas Becker,O-,blakesarah@gmail.com,33,M,True
685-46-1780,Nicholas Roman,A+,johnsondavid@gmail.com,48,F,False
054-22-1595,Sara Diaz,O+,wilsonpaula@gmail.com,92,M,False
065-23-9858,Kelsey Wilson,O+,hernandeztimothy@hotmail.com,91,M,True
231-08-4661,Jared Martin,B-,christopherdouglas@yahoo.com,61,M,True
554-33-9538,Jasmine Wheeler,AB+,ashley25@gmail.com,59,M,True
247-83-4352,Greg Mitchell,A-,umack@gmail.com,52,M,True
001-40-5964,Tracey Garcia,AB+,jessicamartin@hotmail.com,96,M,False
193-04-6470,Rebecca Morales,A+,johnsontravis@hotmail.com,62,F,True
699-40-8012,Carla Brewer,A-,lgonzalez@gmail.com,45,F,False
721-33-6561,Lucas Fritz,O+,gharper@hotmail.com,85,F,False
466-26-6645,Heather Luna,O+,xfox@yahoo.com,65,F,True
259-02-6773,Michelle Ford,A-,sheppardcourtney@gmail.com,44,F,False
127-56-3250,John Gamble,A-,mariacastillo@hotmail.com,38,M,False
820-57-9731,Sharon Rodriguez,O+,erinlewis@yahoo.com,68,M,False
075-51-2640,Jaime White,AB-,aaron50@yahoo.com,62,F,True
750-57-3423,Richard Kidd,AB+,qperkins@hotmail.com,57,M,True
117-60-7115,Wanda Wright,O-,coxcourtney@yahoo.com,83,M,True
803-13-6923,Terrance Chavez,O+,edward28@yahoo.com,27,M,False
240-47-5486,Lawrence Caldwell,O+,denisehunt@yahoo.com,70,F,True
232-71-9710,Lisa Durham DDS,O+,williambaldwin@gmail.com,56,M,True
084-13-4496,Sandra Ortiz,A-,steventurner@gmail.com,41,M,True
376-44-1615,Denise Zimmerman,A-,lisascott@gmail.com,49,M,True
173-31-0927,Tyler Stanley,AB+,raystephanie@hotmail.com,38,M,False
064-07-2155,Mark Harrington,AB+,arroyokelsey@hotmail.com,88,M,False
158-90-4147,Denise Scott,B-,tspencer@hotmail.com,48,M,False
763-24-7030,Catherine Merritt,A+,linda06@gmail.com,95,F,True
890-27-6693,Jim Sheppard,O+,david60@gmail.com,73,M,True
195-42-9069,Michael Lawrence,B-,garciashannon@hotmail.com,94,F,True
087-62-0336,Chelsea Davis,B-,jacksonjoshua@hotmail.com,18,F,False
816-34-8042,Elizabeth Yoder,A+,longcarrie@yahoo.com,31,F,False
761-50-8851,Amanda Miller,A-,williambaker@yahoo.com,69,F,False
155-40-4066,Desiree Martin,AB+,aaronjones@gmail.com,52,M,True
473-57-8340,Angel Williams,A+,lisa01@hotmail.com,95,F,False
730-69-0710,Mrs. Jessica Schaefer,O-,laura00@hotmail.com,83,M,False
119-49-2131,Douglas Wilson,B-,paul72@gmail.com,80,M,True
677-56-2842,Ronald Howell,A-,michaelbrooks@hotmail.com,90,M,False
375-42-2554,Kimberly Williams,AB+,sharonlucero@hotmail.com,64,M,False
458-63-9250,Jonathan Taylor,A-,troy24@hotmail.com,61,M,False
424-58-9540,Samuel Green,AB+,haydenscott@gmail.com,46,M,False
137-62-1045,James Ruiz DDS,B-,colechristopher@yahoo.com,65,M,True
653-25-6859,Thomas Evans,A-,stewartchristina@hotmail.com,49,M,True
102-12-9500,John Fuller,O+,fowlerjohn@hotmail.com,36,F,False
254-78-1397,Joshua Lewis,AB-,perezjames@gmail.com,93,M,True
881-45-3044,Whitney Green,B-,sarah26@gmail.com,90,M,False
479-62-7280,Erika Moreno,O+,cnicholson@hotmail.com,56,M,False
220-07-5452,Steven Wilson,A-,dayers@hotmail.com,79,F,True
792-84-0786,John Baker,O-,david58@yahoo.com,85,M,False
084-97-5218,Justin Butler,O-,alexander00@gmail.com,87,M,False
254-88-0291,Rodney Allen,AB-,fishermark@hotmail.com,48,F,False
527-69-2819,Katherine Robinson,A+,spencerbriggs@yahoo.com,54,M,False
770-42-8715,Veronica Bell,AB+,crawfordandrew@yahoo.com,46,M,True
670-27-2864,Sharon Foster,AB-,laurahoffman@yahoo.com,27,F,True
561-63-5189,Lauren Fox,O-,mlawrence@yahoo.com,91,M,False
493-50-8243,Danielle Hughes,O+,lgonzalez@yahoo.com,68,M,False
037-82-3086,Brandon Martin,AB+,collierlinda@yahoo.com,51,M,True
174-71-7636,Gloria Walker,A+,matthewhunt@hotmail.com,36,F,True
358-24-2965,Nicole Boyd,B+,ericdiaz@yahoo.com,85,F,False
654-22-9910,Gabrielle Becker,AB-,scott55@gmail.com,85,F,False
828-89-1780,Michael Chapman,AB-,myoder@hotmail.com,37,F,False
830-89-7006,Amy Lopez,B-,dstuart@gmail.com,18,M,False
014-03-6880,Spencer Wright,AB-,flee@hotmail.com,44,M,True
646-39-9898,Debbie Mendoza,O+,medinakristina@hotmail.com,73,M,False
649-68-8946,Joel Ortiz,O+,teresa10@hotmail.com,33,F,False
201-07-0001,Ethan Lindsey,A-,owatkins@yahoo.com,38,F,True
541-21-4225,Mia Barber,AB-,jacobbailey@hotmail.com,62,M,True
504-32-5755,David Frederick,B+,mark13@yahoo.com,52,F,True
022-11-9480,Matthew Davis,A-,moranryan@hotmail.com,85,M,False
109-80-4774,Chad Hayes,A-,brownjustin@hotmail.com,73,F,False
446-52-7603,Stephanie Smith,B+,rgarrett@hotmail.com,63,F,False
299-35-1375,Cynthia Coleman,O-,cartercandace@yahoo.com,77,F,False
609-69-5961,Nicholas Simmons,O+,aprilkim@yahoo.com,69,F,True
451-08-7472,Jordan Williams,B-,jason06@hotmail.com,81,F,True
889-02-3627,Lindsay Kelley,O+,ysims@yahoo.com,49,F,False
815-70-6894,Shaun Chavez,A-,henryjonathan@hotmail.com,55,M,False
047-47-1701,Phillip Long,O+,robert58@gmail.com,74,F,False
608-26-8665,Samuel Stewart,AB-,tammyreyes@hotmail.com,27,M,False
476-31-1946,William White,O-,uneal@hotmail.com,51,M,False
594-99-4088,Brian Spencer,AB-,teresa89@yahoo.com,27,M,True
149-09-9576,Patricia Baird,AB-,michelerobinson@gmail.com,29,M,False
792-86-7988,Patrick Trujillo,O-,diana16@gmail.com,66,M,False
793-62-5306,Austin Wright II,B-,carol54@hotmail.com,85,F,True
484-68-5080,Nicole Smith,A-,gomezcarrie@hotmail.com,87,M,False
293-18-8582,Jason Perez,AB+,michael43@yahoo.com,29,F,True
259-24-2597,Jamie Oneal,A-,andersonpamela@yahoo.com,21,M,False
225-98-0991,Joe Hurst,A-,deanna10@yahoo.com,61,M,True
449-71-4502,Andrea Fernandez,A+,michael43@hotmail.com,97,M,False
618-82-9064,Bobby Vincent,B+,istewart@gmail.com,47,M,False
706-25-7998,Leslie Montoya,B+,david82@hotmail.com,55,F,False
278-50-1596,Cody Mclean,A-,angelajoseph@yahoo.com,26,F,False
152-91-7288,Jennifer Mcclure,AB-,derrickreyes@hotmail.com,79,M,False
898-66-4507,Oscar Collins,B+,iporter@gmail.com,79,M,True
484-44-9444,John Graham,O-,kimholmes@yahoo.com,55,M,False
418-82-0577,Justin Mccormick,AB+,cassandraschultz@yahoo.com,69,F,False
641-81-1659,Janet Reed,O-,michael26@gmail.com,49,M,False
098-44-8431,Sherry Santos,B-,timothyhall@yahoo.com,44,M,True
564-14-7719,Eric Hodges,A+,clarkcarl@gmail.com,37,M,True
306-69-8559,Susan Johnson,O-,lsmith@hotmail.com,87,M,False
716-63-7419,James Lee,B+,olewis@hotmail.com,74,M,True
462-77-9517,Bryan Reed,O+,murillosarah@hotmail.com,91,F,False
821-17-1843,Tyler Lee,O-,huffscott@hotmail.com,52,M,True
401-69-6589,Kristy Holt,B-,rsnyder@yahoo.com,55,M,True
233-73-8654,Heather Mitchell,AB+,andrew47@yahoo.com,55,F,False
554-54-9451,Kathleen Clark,A+,keith43@yahoo.com,37,M,True
304-08-9229,Alexander Thomas DVM,AB-,ojackson@hotmail.com,-5,M,True
355-35-9074,Jesus Ruiz,A-,fordcolleen@yahoo.com,73,F,False
081-57-8278,Albert Nelson,O+,gwatts@yahoo.com,42,F,True
161-85-6665,Richard Hurley,AB-,jeremyjohnson@yahoo.com,56,M,True
485-66-0877,Breanna Campbell,AB-,ymorris@hotmail.com,64,F,False
356-72-8538,Jonathan Rosales,AB-,melaniewalter@gmail.com,46,M,False
661-60-2226,Eric Wade,O+,williambuchanan@hotmail.com,43,F,False
536-14-9572,Alicia Taylor,A-,jasonthornton@gmail.com,36,M,True
371-95-2378,Nicole Scott,A-,moodymichael@yahoo.com,61,F,True
560-36-8868,Troy Baldwin,A+,gjohnson@gmail.com,85,F,True
279-99-1606,Amy Bell,O-,frederickcurtis@gmail.com,78,F,False
001-57-0297,Mr. Patrick Perry,O+,ofranklin@yahoo.com,49,F,False
542-61-9130,Nicholas Brown,O+,scotttaylor@yahoo.com,82,F,False
020-47-4960,Lisa Wells,B+,reillyandrea@yahoo.com,24,M,True
157-36-1389,Taylor Todd,B-,warnerthomas@yahoo.com,66,M,True
752-75-1336,Kelsey Edwards,O+,kathrynclarke@yahoo.com,20,F,False
434-29-7697,Erika Alvarez,A+,peternelson@gmail.com,89,M,True
167-84-7240,Michelle Castaneda,AB+,carmen71@gmail.com,46,M,False
703-73-9344,Valerie Olson,A-,silvaheather@hotmail.com,88,M,False
373-19-6045,Jessica Pierce,B-,hugheskathryn@gmail.com,93,M,True
896-80-6303,Kristie Smith,O-,megan37@yahoo.com,96,M,True
390-59-7168,Adam Johnson,A-,ycontreras@yahoo.com,62,F,False
476-62-5492,Jane Moreno,A+,deniseberg@yahoo.com,96,M,False
572-04-6234,Amy Martinez,AB-,kzimmerman@yahoo.com,30,M,False
505-15-5477,Jessica Jenkins,A+,amymartinez@yahoo.com,93,F,True
614-52-6659,Dylan Cook,B-,mackangela@hotmail.com,36,M,True
628-79-2882,Julian Lin,O-,wadeeddie@gmail.com,63,M,False
305-45-4105,Lauren Harris MD,AB-,qthompson@hotmail.com,67,M,True
474-77-3462,Penny Hunt,B+,kellie11@gmail.com,55,F,False
649-86-5228,Patrick Cooper,B+,erica37@yahoo.com,55,F,False
604-01-6578,Gail Walker,A+,michellekemp@hotmail.com,56,M,False
779-73-5621,Kevin Peters,A+,brichardson@gmail.com,53,M,True
746-75-0754,Antonio Andrews,O+,nbenson@yahoo.com,77,F,True
116-72-5565,Brett Williams,AB-,mayjoseph@hotmail.com,65,M,False
736-32-8229,Samuel Taylor,A+,watsonsean@gmail.com,23,F,False
738-78-3422,Steven Garrett PhD,A-,anthonyanderson@hotmail.com,65,M,False
421-44-1547,Tracy Jackson,AB-,tanyabrown@yahoo.com,66,M,True
437-41-8985,Anthony Jefferson,O+,morenojeffrey@gmail.com,71,F,False
830-57-5345,Virginia Morris,B-,alex46@gmail.com,44,F,False
709-37-8154,Joseph Downs,AB-,angelabarnes@gmail.com,38,M,False
165-37-5839,William Goodman,AB-,jharmon@yahoo.com,46,F,False
082-05-7766,Brian Ramos,B+,richardgross@hotmail.com,88,M,True
584-55-5235,Madison Franklin,O+,zachary38@gmail.com,32,F,False
590-06-2037,Darrell Jacobs,O-,bvaldez@yahoo.com,45,F,False
402-61-0731,Tony Johnson,O+,jennifer58@gmail.com,57,F,False
511-06-0340,Kristin Taylor,B+,brandon42@yahoo.com,45,F,False
584-44-1715,Kerry Davis,AB+,steven17@gmail.com,67,F,False
228-40-9097,Jeffrey Miller,AB+,erikacole@yahoo.com,50,M,True
224-04-8268,Joshua Rhodes,B-,elizabethadams@gmail.com,34,M,False
230-40-0178,Tamara Moss,A+,christian15@yahoo.com,79,F,False
073-92-2565,Traci Horn,AB+,zhunt@yahoo.com,90,M,False
549-41-3107,Benjamin Ferguson,A-,jasonanderson@hotmail.com,80,F,False
180-04-7622,Julie Hall,O-,clarencesolomon@gmail.com,34,M,False
514-86-7044,Austin Bailey,B+,gevans@yahoo.com,57,M,False
212-51-5212,John Young,AB+,angelaharris@hotmail.com,87,F,False
546-97-3131,Janice Turner,O+,shelby43@hotmail.com,52,F,False
033-91-6936,Roberto Campbell,AB+,fmcdowell@yahoo.com,50,F,False
470-41-2615,Laurie Blankenship,A+,williamskylie@gmail.com,50,M,False
555-56-1585,Jessica Hernandez,AB-,baxterchristopher@gmail.com,34,F,True
359-48-9327,Daniel Peck,O-,brentmullen@gmail.com,60,F,False
762-22-1868,Ms. Wanda Price,O-,xgibson@hotmail.com,23,F,False
162-02-4443,John Martin,O+,aprilwilliams@gmail.com,56,M,True
877-08-2635,John Mckay,AB+,joselam@hotmail.com,43,F,True
294-17-6337,David Olsen,O-,scott63@yahoo.com,52,M,True
687-64-6633,Christine Davis,O+,warnermatthew@gmail.com,81,M,False
339-59-7749,Lauren Payne,A+,westjeremiah@gmail.com,63,F,False
110-01-5322,Crystal Jones,B-,shaungarcia@gmail.com,59,M,False
712-42-3811,Anne Bentley,B-,caitlin09@hotmail.com,66,M,False
839-18-4923,Nicole Ward,AB-,vduffy@gmail.com,54,M,False
409-48-5490,Jennifer Weaver,B+,maria50@hotmail.com,83,F,False
120-59-1760,Mrs. Cheryl Smith,O-,tthompson@gmail.com,87,M,True
626-75-8664,Timothy Dyer,O+,usmith@hotmail.com,77,F,True
846-17-4751,Alexander Anderson,AB-,montoyakevin@hotmail.com,64,M,True
595-47-9526,Carolyn Fletcher,AB+,helliott@hotmail.com,84,M,True
783-90-7009,Tracy Schwartz,O-,wjohnson@gmail.com,71,M,True
614-24-2415,John Jones,B-,michael57@yahoo.com,67,F,False
592-84-5416,Jessica Estrada,B-,bowenlisa@gmail.com,69,F,False
059-90-3804,Steven Meyer,AB+,millerrobin@gmail.com,51,M,True
716-76-8257,Ariel Mercado,B+,dominiqueduncan@yahoo.com,50,F,True
678-31-1640,Katherine Ellis,A-,barry74@hotmail.com,53,F,False
109-47-7966,Jeffrey Compton,O+,hcollins@gmail.com,54,F,False
280-46-2466,Charles Burgess,A-,foxlisa@hotmail.com,90,F,False
684-29-6645,Cynthia Burns,B+,zgriffin@gmail.com,64,M,False
351-18-1823,Laura Rivera,B+,guerreroemily@hotmail.com,52,F,False
820-60-3469,Michelle Jordan,A+,webbmichael@hotmail.com,22,M,False
245-48-3653,Jordan Haynes,B-,catherine25@hotmail.com,56,M,False
418-17-6878,Terry Fox,AB+,rachelmartin@hotmail.com,39,M,False
172-61-2399,Taylor Williams,O+,jeffreyrush@yahoo.com,75,M,False
327-56-4891,Dr. Yvette Phelps,A+,markfaulkner@hotmail.com,84,M,True
353-46-4733,Robert Sherman,A+,rcox@hotmail.com,61,F,False
466-76-5297,Jacqueline Bell,B+,wardheidi@hotmail.com,50,F,True
750-01-6684,Howard Chase,O-,bhall@yahoo.com,76,M,False
656-18-0350,Joshua Richardson,A+,bbaldwin@hotmail.com,48,F,True
635-45-6873,Heather Phillips,AB-,tammy29@gmail.com,53,M,True
105-45-4674,Samuel Malone,A+,lunadylan@gmail.com,65,M,False
698-91-1697,Christina Baird,A+,sgarcia@gmail.com,30,M,True
427-58-0738,Janice King,B-,gregg03@yahoo.com,21,M,True
560-85-8666,Sean Lee,A+,sheltonmitchell@hotmail.com,84,M,False
885-08-8738,Andrea Strong,A+,pmorgan@hotmail.com,65,M,True
478-78-8708,Jonathan Davis,B+,zking@gmail.com,31,M,True
829-92-2323,Holly Taylor,AB-,lesliestout@hotmail.com,37,F,True
367-28-5138,James Edwards,B-,jho@yahoo.com,77,F,False
478-49-8428,Joshua Carter,A+,riverakristine@gmail.com,37,M,True
320-71-4390,Katherine Cantu,AB+,ashleyponce@gmail.com,55,M,True
261-74-4186,Christina Mays,O-,neildouglas@hotmail.com,29,F,True
643-33-9145,Crystal Williams,B-,xperry@yahoo.com,80,M,True
652-58-9244,Nathan Yu,A+,carpentermichael@gmail.com,60,M,False
033-96-4491,Cynthia Lewis,A-,wattsjamie@yahoo.com,92,M,True
898-94-7365,Jacqueline Austin,A-,dillonjeff@yahoo.com,55,F,False
653-73-0533,Joanna Huynh,AB+,david44@gmail.com,98,F,True
463-28-7460,Kevin Bowers,AB-,jerryhaynes@gmail.com,38,M,False
623-14-5235,Victoria Woods,O-,cynthia33@yahoo.com,81,F,False
284-93-9798,Danielle Johnson,AB-,ysmith@yahoo.com,82,M,True
012-89-9807,Amy Walker,AB+,fsmith@gmail.com,73,M,False
611-14-3497,Victoria Martinez,B+,gwendolyn61@gmail.com,77,M,True
134-87-7512,Nathaniel Ali,A+,umartinez@yahoo.com,78,M,False
844-46-2614,Jennifer White,AB-,leslie32@hotmail.com,43,M,False
011-32-0276,Jose Pace,AB-,wjarvis@gmail.com,47,F,False
316-09-4783,Jimmy Blair,A-,sweeneyjessica@hotmail.com,72,M,True
723-47-0101,Raymond Guzman,B-,ryan25@gmail.com,61,M,True
350-23-1386,Scott Miller MD,AB+,ryan90@yahoo.com,54,M,True
146-24-2433,Sherry Blake,B+,nicholas68@yahoo.com,50,M,False
812-72-4687,Karina Stafford,AB+,pierceian@yahoo.com,46,F,False
586-27-0102,Steven Wang,B+,kathleenjones@yahoo.com,46,M,True
118-39-6950,Jason Garcia,A+,bhunter@yahoo.com,58,F,False
063-27-9722,Cathy Gonzalez,A-,michaelcole@gmail.com,97,M,True
669-02-8816,Jeffrey Mann,B+,stephanielee@yahoo.com,68,M,True
706-10-1223,Adrienne Sandoval,AB-,williamanthony@gmail.com,49,F,True
021-36-5044,Frank Myers,AB-,eaustin@gmail.com,59,F,False
556-70-5953,Christina Ferguson,AB+,sarah97@yahoo.com,54,M,True
431-84-2569,Kevin Fernandez,A+,langmatthew@hotmail.com,89,M,True
072-84-7111,Andre Hill,AB-,sallyjohnson@gmail.com,98,F,False
326-15-8766,Jeremy Jacobson,O-,wallerlinda@hotmail.com,41,F,False
797-11-5970,Gregory Burns,A+,william73@yahoo.com,85,M,True
858-88-1449,Louis Norris,B-,mwhite@yahoo.com,28,M,True
795-60-7760,Lynn Byrd,AB+,goldenrachel@gmail.com,78,F,False
189-78-6643,Michael Evans,B+,lopezsamantha@yahoo.com,56,F,False
785-64-4585,Jonathan Hart,O-,adamsdennis@yahoo.com,79,M,False
395-20-1308,Holly Moran,A-,ftran@yahoo.com,59,F,True
575-29-0634,Nicole Johnson,B+,tracy86@yahoo.com,82,M,False
741-54-2419,Megan Smith,A-,ywilliams@gmail.com,88,F,True
460-86-5986,Andrea Herrera,B-,bradley69@gmail.com,73,M,False
634-35-6354,Megan Stanley,B-,autumnsmith@yahoo.com,18,M,True
141-51-5518,Holly Jordan,A+,villegasmia@yahoo.com,62,F,False
717-60-0817,Manuel Hoffman,B+,erik66@yahoo.com,59,M,False
112-64-8006,Jeremy Hanson,A-,moraleserik@hotmail.com,77,F,True
437-45-5924,Benjamin Potts,AB-,suzannepatrick@yahoo.com,93,M,False
732-45-2310,Bobby Keller,AB+,patriciarobinson@hotmail.com,89,M,True
122-08-1579,Penny Ford,O-,adamboone@yahoo.com,53,F,False
526-24-0225,Darrell Martinez,A+,jonesmatthew@gmail.com,95,M,False
323-22-0483,Kelly Stanley,A-,william45@hotmail.com,25,F,False
539-54-4638,Brandon Mckay,O+,frederick16@yahoo.com,63,M,False
120-77-9488,Pamela Fuentes,O+,mary62@gmail.com,39,F,False
824-22-2359,John Douglas,AB-,krangel@gmail.com,97,M,False
777-59-5956,Dawn Thompson,AB-,glen43@hotmail.com,22,M,False
381-79-9197,Cassidy Mccoy,B+,roberto52@hotmail.com,37,M,False
817-73-3772,Kayla Cantu,O+,amanda63@yahoo.com,43,F,False
119-57-0178,David Sherman,A-,sanchezjessica@yahoo.com,97,M,True
129-07-2827,Madeline Taylor,O+,michaelhunter@hotmail.com,29,M,True
100-37-8099,Mark Joseph,A+,katiesanders@yahoo.com,71,F,True
189-38-4601,Amy Myers,O-,rivasmatthew@gmail.com,65,M,True
833-29-0157,Lori Medina,O-,paul73@gmail.com,79,F,True
855-85-4956,Donald Mays,O+,carolyn52@gmail.com,58,M,False
395-97-7890,Kristopher Thompson,A-,amorris@gmail.com,26,M,True
501-96-3448,Tyler Taylor,B+,alison47@hotmail.com,65,F,True
464-18-0420,Cindy Vaughan,A-,warrenbrian@hotmail.com,49,F,False
437-94-5378,Christopher Hopkins,B+,cody45@gmail.com,68,M,True
581-66-7069,Michael Rivera,A+,brandonhubbard@gmail.com,57,M,False
043-25-8742,Jared Wilson,B+,matthewkelly@gmail.com,28,F,False
544-29-8474,Jermaine Garcia,AB-,shawnrivera@gmail.com,58,F,False
276-04-0025,Michael Osborn,A+,richardlawson@gmail.com,21,M,True
834-81-0523,Mark Patterson,O+,wesley69@yahoo.com,58,F,False
170-67-6236,Emily Castillo DVM,B+,jamesberry@hotmail.com,80,M,False
768-27-7255,Steven Adams,B-,adam56@gmail.com,79,M,False
045-98-9712,Aaron Hernandez,AB+,maurice83@hotmail.com,49,M,False
700-75-3588,Barbara Taylor,O+,william91@gmail.com,70,M,True
384-39-6316,Cody Hall,AB-,michael04@gmail.com,72,M,True
176-95-0676,Sherry Reyes,B+,wademichael@gmail.com,20,M,True
363-96-3376,Kristy Nichols,B+,evanspatrick@yahoo.com,21,M,False
203-17-7412,Alyssa Nolan,AB-,jonarroyo@hotmail.com,54,M,False
234-76-2330,Kevin Mcdonald,A+,james05@yahoo.com,48,F,False
090-15-0201,Amanda Gallagher,A+,taylor01@gmail.com,39,F,False
869-97-3898,Jimmy Meza,A+,rjohnson@yahoo.com,91,M,False
605-80-4864,Whitney Petersen,O+,julieochoa@hotmail.com,60,F,True
352-37-3558,Dennis Lane,AB-,rstrickland@gmail.com,58,F,False
432-61-3024,Michele Mullins,B-,liujames@yahoo.com,68,M,True
147-28-6580,Louis Ruiz,AB+,pnguyen@hotmail.com,50,M,True
809-81-5406,Kurt Rivera,O+,sdominguez@yahoo.com,96,M,True
751-91-6237,Robert Gray,AB-,ksmith@hotmail.com,49,M,False
212-65-7360,Brittney Cox,A-,wharrison@hotmail.com,73,F,True
412-62-7264,Alyssa Fisher,B+,angelaabbott@hotmail.com,36,M,False
859-16-9903,Beverly Castro,A+,stephanie44@yahoo.com,43,M,False
482-85-4671,Jessica Crane,O-,swatkins@gmail.com,88,M,False
253-32-3253,Kurt Marshall,O+,edward11@yahoo.com,62,F,False
315-52-5185,Julie Jones,A+,alisonsmith@gmail.com,51,M,False
376-89-6411,Adam Morales,B-,matthew17@gmail.com,74,M,False
340-97-8737,Sharon Johnson,A+,rodriguezchelsea@hotmail.com,50,M,True
005-60-9940,Donald Church,B-,xfrederick@gmail.com,63,M,False
741-44-2972,Adam Williams,A-,timothy21@gmail.com,60,F,True
075-89-7567,Christopher Carlson,O+,lucasmichele@hotmail.com,82,M,False
640-69-1926,Kenneth Baker,AB+,harveydebra@gmail.com,55,M,True
896-71-0254,Jeremy Rowland DVM,O+,lori11@hotmail.com,74,M,False
254-69-5163,Kevin Thomas,B-,anna40@hotmail.com,63,F,False
505-99-0328,Mitchell Mercado,B+,campbellstephanie@gmail.com,32,M,True
660-29-1325,Brittany Weiss,AB-,sarah95@hotmail.com,31,M,False
339-71-7402,Kimberly Griffin,O+,lmoore@yahoo.com,18,F,False
791-16-6761,Karen Clark,B-,estokes@gmail.com,74,F,False
493-77-3816,Denise Berger,B-,zharris@hotmail.com,21,M,False
559-70-8550,Cristina Lane,B-,john53@yahoo.com,41,M,True
514-06-5522,Kimberly Rose,A-,cwarren@hotmail.com,72,M,False
123-77-2547,Judith Garcia,AB-,vhansen@gmail.com,58,M,False
683-03-1806,Michael Hahn,AB-,robertrodriguez@gmail.com,31,F,False
352-13-6633,Lawrence Small,O+,alexingram@hotmail.com,79,M,True
541-94-6166,Jason Nelson,AB-,daniellin@hotmail.com,86,M,False
704-08-6122,Susan Ryan,AB-,medinamatthew@yahoo.com,49,F,False
818-37-5442,Julia West,AB+,jonathan08@hotmail.com,44,M,True
794-27-8312,Jason Brown,B-,hineswhitney@hotmail.com,54,F,True
424-04-9012,Angela Johnson,O+,bwest@hotmail.com,87,M,False
343-78-5379,Diane Sandoval,A-,andrew29@gmail.com,46,F,False
366-82-2445,Danielle Rodriguez,AB+,smithbrian@yahoo.com,92,M,False
694-60-7870,Taylor Ramirez DDS,B+,rspencer@hotmail.com,47,F,False
054-50-8573,Mark Harris,O-,james98@yahoo.com,51,M,True
730-54-6097,Joshua Bolton,AB+,jessica75@hotmail.com,36,F,True
283-21-6723,Elizabeth Stephens,AB-,rodriguezhenry@hotmail.com,20,F,False
089-72-0710,Michael Taylor,B-,michellenguyen@gmail.com,39,M,True
824-98-3737,Deborah Dodson,O-,marcusdiaz@hotmail.com,92,M,False
878-95-1207,Alexander Woodward,B-,gonzalezpaul@hotmail.com,68,M,True
698-98-1710,Heather Rice,A+,gilescaleb@gmail.com,91,F,False
218-75-0991,Justin Morris,A-,jamieknox@gmail.com,19,M,False
559-45-6680,Rachel Martinez,O+,slewis@yahoo.com,70,M,True
104-57-5866,Lisa Kim,O-,valeriebrown@hotmail.com,66,M,True
667-86-1273,Kenneth Krause,B-,campbelllisa@hotmail.com,67,M,True
343-53-9686,Kelly Dixon,B+,ijackson@yahoo.com,81,M,False
510-51-0611,Zoe White,AB+,dennis70@gmail.com,58,M,True
438-02-0889,Matthew Morris,O-,sethrobertson@hotmail.com,56,M,False
089-44-3268,Vincent Wright,B+,starkamy@hotmail.com,90,F,False
018-66-3652,Linda Santos,O-,ycox@hotmail.com,28,F,False
321-60-5276,Rebecca Spencer,AB+,osborneandrea@yahoo.com,93,F,True
057-78-2307,Tiffany Anderson,A+,nmorse@yahoo.com,58,M,True
346-05-1569,Christopher Hernandez,B+,angela37@gmail.com,28,M,True
893-06-1876,Justin Hernandez,A-,jonathan81@gmail.com,58,M,False
657-11-4096,Jason Cochran,AB-,tony27@hotmail.com,75,M,False
869-86-3746,Juan Davis,A+,diana33@hotmail.com,62,M,True
376-40-5811,Stephen Powell,AB+,joseph07@yahoo.com,56,F,False
819-45-3169,Daniel Carter,B-,kimashley@yahoo.com,47,F,True
458-09-3701,Mary Brady,O-,osbornemichelle@gmail.com,24,F,True
582-61-0146,Zachary Velasquez,B-,melissa28@gmail.com,82,F,False
417-79-6778,Bradley Davis,B+,marysmith@yahoo.com,29,M,True
466-88-4733,Micheal Williamson,AB+,frank59@hotmail.com,37,F,False
022-51-6320,Terri Calhoun,O-,cruzelizabeth@gmail.com,39,M,True
800-75-0803,Jeffrey Holland,AB+,freemangabriel@yahoo.com,76,F,False
701-98-8404,Sheila Thomas,O-,hdennis@yahoo.com,89,F,False
272-72-5351,Alexandra White,O+,caseydaniel@hotmail.com,59,F,False
677-38-9074,Jerry Stewart,B+,imorrison@gmail.com,90,F,True
016-94-1656,Shane Moreno,B+,haynesrobert@hotmail.com,61,M,False
589-44-3966,Brandon Garcia,AB-,psmith@gmail.com,33,F,False
081-22-7657,Fernando Long,A+,ngarcia@gmail.com,51,M,True
453-30-5452,Frank Vaughan,O+,fconley@hotmail.com,73,M,True
016-43-4535,Susan Bell,A+,hickstami@gmail.com,54,M,False
068-53-1377,Kelsey Bridges MD,O-,uwilliams@yahoo.com,69,F,False
883-33-2976,Kayla Myers,O-,patriciaquinn@hotmail.com,38,M,False
726-83-3806,Linda Bennett PhD,A+,jonathon70@yahoo.com,75,M,False
331-29-6262,Mr. Jacob Wyatt,A+,chaneymichael@hotmail.com,96,M,False
080-14-0850,Barbara Lopez,A-,lweber@yahoo.com,99,F,False
446-22-9436,Marco White,O-,charles35@hotmail.com,97,F,True
351-96-8218,Susan Gibson,O-,markjoseph@hotmail.com,59,M,False
616-33-8955,Gregory Andrade,AB-,stacie74@hotmail.com,49,F,False
774-05-0867,Amber Ford,B-,roblesmargaret@yahoo.com,76,F,True
116-93-0170,Jessica Escobar,AB+,matthew55@hotmail.com,57,M,False
079-98-2543,Victoria Jones,O+,scott94@gmail.com,49,M,True
228-50-3951,Marcus Weaver,O+,elizabethmills@gmail.com,93,M,True
380-25-6951,Evan Burton,AB+,nelsonpatrick@gmail.com,89,M,True
234-32-9040,Kayla Livingston,O-,jessicamoore@gmail.com,56,F,False
563-56-3338,Chelsea Chen,AB-,gordonrobert@hotmail.com,77,M,True
814-77-6853,Timothy Davis,AB+,fernandeznathan@yahoo.com,81,F,False
178-22-1813,William Chambers,A+,austin14@gmail.com,47,M,True
142-95-2485,Jessica Allen,AB+,barbara53@yahoo.com,84,M,True
583-31-4500,James Hancock,AB-,alyssameyer@hotmail.com,89,M,True
090-97-6098,Jennifer Moreno,A-,dianejenkins@yahoo.com,54,M,True
380-04-9986,Stephanie James,AB-,patelshannon@hotmail.com,62,F,False
197-69-1493,Mrs. Lisa Olson,AB-,larryflores@yahoo.com,68,M,True
811-57-1858,Jennifer Doyle,B+,cameron38@yahoo.com,36,M,False
466-91-2622,David Ramos,A-,wolfebobby@hotmail.com,78,M,True
435-24-0445,Aaron Marsh,O-,jeffrey50@yahoo.com,22,M,False
455-45-3870,Caitlyn Powell,O-,matthew38@gmail.com,79,M,False
692-69-3408,Beth Goodman,AB+,gilmoremichelle@gmail.com,36,M,False
671-28-6685,James Bright,O+,elopez@hotmail.com,56,M,False
758-93-1387,Omar Bailey,A+,asingh@hotmail.com,85,M,False
549-97-6861,Todd Andrews,AB-,edward28@gmail.com,32,F,False
873-71-1761,Charles Goodman,AB+,nicolasbuck@hotmail.com,59,M,True
635-44-0323,James Robinson,O-,craigbaker@yahoo.com,51,M,False
358-82-4506,Stephen Kennedy,AB-,charles41@hotmail.com,93,M,False
308-89-6249,Kendra Houston,A+,michaelfrey@hotmail.com,87,M,False
545-44-4619,Natasha Callahan,AB+,kyle34@yahoo.com,72,M,True
223-65-9844,Christine Jones,AB+,krystal92@gmail.com,24,M,True
224-58-0341,Matthew Fisher,O+,perryholly@gmail.com,81,M,False
100-69-3584,Julia Myers,AB+,michael09@yahoo.com,49,M,True
221-73-7175,Ronald Evans,AB+,tgonzalez@gmail.com,64,F,False
744-27-6405,Daniel Pierce,AB-,sarah30@yahoo.com,32,M,False
331-90-4015,Molly Rice,O+,igonzalez@gmail.com,73,F,False
332-55-1717,Danielle Cole,B+,morganscott@gmail.com,81,M,True
298-21-0180,Karen Perkins,A+,ghuff@yahoo.com,39,F,True
769-29-3889,Cheryl Cooke,AB+,nicole33@hotmail.com,90,F,True
724-66-5878,Tanner Herman,B-,cherylmcgrath@yahoo.com,76,M,True
750-18-3332,Amber Robinson,O+,laura99@yahoo.com,57,F,True
141-79-3731,Holly Nichols,AB-,tcollier@hotmail.com,72,F,True
023-90-1805,Isaac Moore,O+,cgarcia@gmail.com,62,F,False
177-23-8366,Justin Mcguire MD,AB+,nelsonjoshua@gmail.com,95,M,True
475-29-5454,Penny Smith MD,AB-,ericrodriguez@yahoo.com,55,M,True
887-80-0382,Thomas Melendez,O-,elizabethlogan@hotmail.com,34,M,True
738-18-0770,Gregory Mcdonald,B+,johnsonlee@gmail.com,54,M,False
419-24-7074,Jason Watkins,O-,ryansmith@yahoo.com,55,M,True
564-10-9630,Michael Perez,B-,paulwhitney@hotmail.com,72,M,False
168-20-4199,Michael Perez,AB-,jonathan29@gmail.com,70,F,False
033-66-0753,Kevin Williams,A+,xkerr@gmail.com,65,M,True
871-55-3361,Stephanie Greene,B-,kaitlyn57@yahoo.com,67,F,False
021-66-3951,John Lucas,AB+,christinemcfarland@hotmail.com,36,M,False
185-49-6289,James Rodriguez,O-,kristin39@hotmail.com,68,F,False
367-36-3054,Steven Bowen,AB-,vjenkins@hotmail.com,55,M,False
747-55-9101,Michael Collier,A+,samuelchavez@hotmail.com,55,M,False
187-28-4484,Charles Morse,B+,camachomichael@hotmail.com,54,M,True
014-07-3705,Jennifer Cole,O+,jessica14@gmail.com,76,F,False
893-04-3670,Diana Gonzalez,B-,geraldgeorge@yahoo.com,68,M,False
173-81-8707,Ashley Ward,A-,caseyrobert@gmail.com,44,F,False
554-25-0322,Kenneth Lewis,O+,dominique98@yahoo.com,32,M,True
177-25-6678,Susan Dixon,B+,mathewrice@gmail.com,56,M,False
454-77-9169,Theresa Cunningham,B-,christopher94@gmail.com,57,F,False
106-07-8872,Daniel Scott,O-,youngstephen@hotmail.com,64,F,False
026-63-0703,Ashley Larson,B+,omontgomery@hotmail.com,57,F,False
313-22-9925,Crystal Yoder,A-,pgutierrez@yahoo.com,40,M,False
856-32-7312,Angela Silva,AB+,ssmith@hotmail.com,38,M,False
033-55-2385,Carlos Chambers,O-,lynn84@gmail.com,52,M,True
672-59-7963,Jamie Williams,O+,harrismichael@hotmail.com,29,M,False
352-18-2278,Dr. Christopher Howard,B+,cespinoza@hotmail.com,98,F,False
011-74-9087,Sierra Phillips,A-,iwright@gmail.com,89,M,False
830-19-5181,Jeremy Gentry,AB-,jaygalvan@yahoo.com,38,F,False
241-32-5344,Jennifer Peterson,A+,tylercox@hotmail.com,54,M,True
635-67-6583,Judith Miller,O-,ronaldspencer@gmail.com,60,M,True
024-26-5074,Deborah Berry,O+,jamesevelyn@gmail.com,58,M,False
023-11-4722,Christian Frost,B+,kellyterry@gmail.com,80,M,True
004-72-3850,Hannah Perez,O-,jenniferchoi@yahoo.com,29,M,False
074-97-4310,Stephanie Howell,O-,debbie60@hotmail.com,20,M,False
026-90-2977,Danielle Lopez,B+,garciajulia@hotmail.com,58,M,False
210-34-9389,Christian Jensen,A-,mlara@gmail.com,64,M,False
418-58-0242,Amanda Nguyen,B-,john02@hotmail.com,47,F,False
285-02-4008,Sandra Gibbs,B-,christineobrien@gmail.com,59,M,False
345-62-0055,Anthony Jones,A+,huntryan@gmail.com,67,F,False
191-57-5260,Molly Reynolds,AB+,caldwellangela@gmail.com,71,M,True
430-55-8783,Bryan Richardson,AB-,xlopez@hotmail.com,52,F,False
691-62-1467,Catherine Williams,AB-,stacybradley@yahoo.com,70,M,False
844-27-0136,Brittany Cox,B+,branchkevin@hotmail.com,68,F,False
346-94-5919,William Alexander,O+,nicholasfisher@gmail.com,66,F,True
332-37-9167,Kathleen Brown,O+,stephensgregory@hotmail.com,58,F,False
511-03-9422,Daniel Walker,O-,williamsdustin@gmail.com,48,M,False
585-95-6906,Barry Myers,O-,vcarpenter@yahoo.com,62,M,False
299-05-8615,Derrick Woodard,A+,stewartjimmy@yahoo.com,18,M,False
619-22-9620,Nicole Nguyen,A-,michelle60@yahoo.com,28,M,False
249-90-1247,Tracy Tanner,B+,sararamirez@hotmail.com,91,M,True
040-50-9137,Ronald Chan,A-,ywilliams@hotmail.com,36,M,True
622-66-1005,Patty Cortez,O-,heathergonzalez@gmail.com,41,M,True
764-99-7788,Vincent Baker,B+,jeffrey95@gmail.com,47,M,False
882-28-8297,Robert Kelly,O-,sharon18@gmail.com,57,F,False
360-16-5215,Mr. Ernest Nguyen,A-,zsullivan@gmail.com,50,F,False
538-69-1088,Franklin Carey,A+,angela39@yahoo.com,30,M,False
392-66-5276,David Campbell,O+,nicholascooper@yahoo.com,89,M,True
057-34-9799,Paul Brown,AB+,sotomartha@yahoo.com,63,M,True
007-63-4422,Cody Flores,O+,mary67@hotmail.com,41,M,False
748-12-3928,Benjamin Arnold,O-,dennis91@hotmail.com,71,M,True
833-66-4041,Tiffany Ramirez,O-,wkirby@yahoo.com,77,F,False
442-33-6259,Hannah Peterson,A+,jeremy45@gmail.com,71,M,False
629-32-0240,Timothy Smith,O-,isaacthompson@yahoo.com,56,M,True
734-30-7977,Robert Jensen,AB+,umontoya@yahoo.com,70,F,False
404-61-7244,Anna Barajas,B-,wdavis@hotmail.com,63,M,False
601-41-6509,Alexander Patel,B-,paulabbott@hotmail.com,30,M,True
672-20-8234,Jonathan Welch,B+,kylie09@yahoo.com,22,M,False
093-40-4034,Keith Thomas,A+,umartinez@gmail.com,96,M,False
835-18-3594,Amanda Brady,A-,mary58@yahoo.com,70,M,False
475-26-7473,Thomas Jenkins,O-,solisshannon@hotmail.com,95,M,False
511-03-7975,Eric Scott,AB-,laura94@yahoo.com,76,M,False
107-48-8268,Marcus Smith,A-,trogers@yahoo.com,61,M,True
588-67-9372,David Davis,B+,donald96@hotmail.com,20,M,True
078-57-0637,Kelly Cohen,A+,iwhitaker@yahoo.com,72,M,True
688-02-0994,Sydney Taylor,O+,jdillon@yahoo.com,42,F,False
366-81-0884,Karen Hale MD,AB+,fschwartz@hotmail.com,63,F,False
861-83-9825,Elizabeth Wilson,B-,xrussell@hotmail.com,86,M,True
755-05-4932,Matthew Lewis,A+,grahamsheila@yahoo.com,40,M,True
783-69-4361,Suzanne Harris,B-,samanthaestes@yahoo.com,84,M,False
227-08-0284,Jeffrey West,B+,stevenmeyer@gmail.com,51,F,False
097-80-3234,Jason Parrish,A-,allenapril@hotmail.com,41,M,False
067-35-3052,Melissa Russell,AB-,ggibson@hotmail.com,54,F,False
575-01-6836,Jasmine Cline,A-,rmay@hotmail.com,66,F,False
098-75-7349,Andrea Carpenter,O+,twilson@gmail.com,48,F,False
823-54-4923,Mark Lynn,A+,rbrown@yahoo.com,31,F,False
451-62-4094,Justin Anderson Jr.,O+,david51@yahoo.com,56,M,False
130-82-6621,Brian Sandoval,O+,vparker@gmail.com,91,F,True
613-23-9399,Diana Shepard,B+,dominique32@gmail.com,71,M,True
204-16-3719,Christine Cooper,O+,paul40@gmail.com,60,M,True
391-25-6209,Tracy Wagner,AB+,christopher36@hotmail.com,65,M,True
540-50-5207,Douglas Cooper,B-,butlermitchell@yahoo.com,65,F,False
116-67-0559,John Simpson,B+,sydneyneal@hotmail.com,65,M,False
218-64-5426,Jonathan Campbell,AB+,kmolina@yahoo.com,46,F,True
227-42-3571,Corey Washington,A-,whiteallison@hotmail.com,66,M,False
606-96-4210,Lisa Morris,AB+,youngian@gmail.com,64,F,False
599-86-0257,Virginia Stone,AB-,bookermichael@gmail.com,50,M,True
635-07-2511,John Carlson,B+,andreascott@yahoo.com,44,M,False
718-46-1309,Leah Morris,B-,robinsontyler@yahoo.com,51,F,True
121-92-5297,Martin Zuniga,B+,christopher59@yahoo.com,87,F,False
034-21-9088,John Wright,B+,mariecooper@hotmail.com,53,M,False
168-99-0268,Morgan Rodriguez,A+,davidreeves@gmail.com,37,M,False
866-14-6833,Casey Lee,B-,sawyereric@gmail.com,72,M,True
144-35-4509,Mark Hawkins,A-,allenstacey@gmail.com,29,F,False
343-79-3092,Jennifer Ortiz,B-,david46@hotmail.com,54,M,True
597-64-2234,Trevor Calderon,O-,thomasrogers@gmail.com,44,M,True
576-01-4917,Bridget Bell PhD,O+,tmcdonald@hotmail.com,18,F,False
440-24-0358,Barbara Mason,AB+,sarah76@yahoo.com,24,F,False
178-29-8000,David Avery,A+,robinalvarez@yahoo.com,53,M,False
576-13-1820,Mark Williams,B+,ncollins@gmail.com,79,M,False
284-38-9270,Emma Monroe,A-,kevinwilson@yahoo.com,98,M,False
748-80-9851,Howard Ellison,AB-,moorealexandra@yahoo.com,99,M,False
397-92-2152,Brittany Stevens,AB+,harrisonthomas@hotmail.com,70,F,False
623-24-7809,Michelle Green,B+,lori77@yahoo.com,54,F,False
780-18-2557,Meagan Campbell,AB+,bgonzales@yahoo.com,56,M,False
495-37-4370,Kendra Williamson,A+,marymurray@gmail.com,60,F,False
881-92-9000,Michael Clark,B+,kristinbeck@gmail.com,71,F,True
247-66-3593,Sarah Suarez,AB-,zalexander@hotmail.com,83,M,True
020-03-1467,Christopher Mcknight,A-,carlywright@hotmail.com,55,F,True
119-45-8653,Sally Riley,O+,margaret94@hotmail.com,69,M,True
627-54-0029,Michael Moore,AB-,xhurley@gmail.com,40,M,False
054-43-6955,Christina Coleman,A-,icastillo@yahoo.com,48,M,False
608-72-0810,Felicia Hill,AB+,xwilliams@hotmail.com,43,M,True
638-82-1748,Joshua Wall,B-,cooperbrian@hotmail.com,60,M,False
704-57-7656,Monique Davis,A+,smithkaren@hotmail.com,55,F,False
709-81-0019,Todd Rodriguez,B-,nelsonbrenda@gmail.com,43,F,True
588-12-5870,Richard Lambert,O-,ljones@gmail.com,54,F,True
803-90-2169,Aaron Baxter MD,A-,sharon37@yahoo.com,95,M,False
547-73-3019,Thomas Henry,B-,parrishdanielle@yahoo.com,80,F,False
570-87-3291,Casey Martinez,O-,shawn63@hotmail.com,91,F,False
517-30-7027,Steve Parker,O-,curtisshelley@hotmail.com,25,M,False
167-20-2303,Jeremy Gonzalez,O+,karinamitchell@hotmail.com,47,M,False
008-42-9042,Tonya Cummings,O-,cobbrussell@hotmail.com,47,F,False
740-82-8499,Tyler Wilson,A+,sgarcia@gmail.com,55,F,True
275-67-8617,Jaime Hernandez,B+,zrobertson@hotmail.com,44,F,True
865-73-1836,Jose Riley,B-,tammy25@yahoo.com,31,M,True
876-51-0476,Amanda Doyle,A-,valerie26@hotmail.com,21,F,False
833-11-2611,Donna Matthews,B-,mtownsend@gmail.com,57,F,True
530-29-4370,David Best,O-,jessicahernandez@gmail.com,73,M,True
148-58-8433,Ariana Ingram,B-,paulajohnson@hotmail.com,47,F,True
853-27-9544,Rodney Jordan,A+,greengarrett@gmail.com,25,M,False
598-93-0230,Stacey Rodriguez,AB+,iperry@yahoo.com,26,M,True
475-80-1639,Angela Ross,O+,mary46@yahoo.com,36,M,False
343-23-0826,Wendy Alvarez,O-,dtate@gmail.com,78,M,True
792-39-9758,Kelly Taylor,B+,stacy97@gmail.com,65,M,False
853-83-0575,Jessica Yates,AB+,donald76@hotmail.com,84,F,False
079-91-0781,Jennifer Gray,B+,teresaramsey@gmail.com,23,M,False
446-15-5944,Teresa Roberts,B-,wjones@hotmail.com,93,M,False
656-56-0631,Lindsay Harris,O-,james42@hotmail.com,54,F,False
392-40-3859,Austin Franco,AB-,rosarioariana@yahoo.com,61,M,False
849-59-3996,Luis Greer,A+,smithmatthew@yahoo.com,74,F,False
433-77-2319,Andre Santiago,O+,dsawyer@gmail.com,42,F,True
255-89-8824,Emily Escobar,AB+,zhernandez@yahoo.com,55,M,False
485-25-5634,Jerry Braun,A-,lisamclaughlin@hotmail.com,48,M,False
772-16-9579,Steven Barnes,O-,joseph14@hotmail.com,78,F,False
844-80-7245,Jeffrey Mathews,A+,oramirez@hotmail.com,40,F,True
549-27-5680,Tracy Jones,O-,wbeck@yahoo.com,57,M,True
536-08-6970,Adrienne Bullock,A+,nicholeboyd@hotmail.com,58,M,True
424-67-9319,Kevin Warren,AB-,meaganmurphy@gmail.com,71,M,False
709-63-6437,Luis Holder,AB+,ekelley@gmail.com,28,M,False
185-44-9732,Marc Pierce,A-,unoble@gmail.com,95,M,False
502-38-6955,Shari Tran,O-,douglas47@yahoo.com,55,F,True
657-49-1940,Christina Andersen,O-,avega@hotmail.com,47,M,False
679-57-7417,Anita Edwards,AB+,pstephens@yahoo.com,81,F,False
138-74-8727,Melinda Phelps,O+,yhaynes@yahoo.com,76,M,False
545-24-2425,Chris Clark,O+,lgreene@yahoo.com,24,F,True
807-88-5224,Ruben Anderson,A-,ovaldez@hotmail.com,31,F,False
030-18-4795,Stephen Gordon,AB+,noneal@gmail.com,31,M,False
349-49-0362,Stephanie Stone,B+,anthonybush@hotmail.com,90,M,True
591-08-6169,Jared Johnson,O-,fshaffer@hotmail.com,67,M,False
285-01-3911,Thomas Rodriguez,B-,nhenry@gmail.com,72,M,True
567-72-7554,Amanda Meyer,A-,schmidtluis@yahoo.com,64,M,False
690-26-8556,Charles Reynolds,O-,kochtodd@yahoo.com,19,M,True
490-76-4833,Toni Watson,A+,elijah91@yahoo.com,88,F,False
680-81-4061,Harold Hayes,AB-,dana06@hotmail.com,49,F,False
206-24-7335,Crystal James,AB-,nicole98@yahoo.com,44,M,True
209-75-1785,Sean Odonnell MD,AB-,marksmith@gmail.com,30,F,False
214-75-3175,John Miller,O+,kelleykyle@gmail.com,82,M,True
370-49-5867,Noah May,B-,edwingalloway@gmail.com,62,F,False
820-19-6236,Mr. Louis Merritt PhD,A+,david55@gmail.com,68,F,False
024-30-9976,Heather Lawson,O-,samantha09@yahoo.com,82,M,False
370-15-0515,Michelle Kemp,A+,tyleredward@gmail.com,32,M,False
633-27-5940,Shannon Koch,AB+,tpalmer@yahoo.com,69,M,True
412-92-9079,Trevor Allen,B-,david89@gmail.com,69,M,True
595-59-1952,Russell Berg,AB-,michael80@gmail.com,70,F,True
581-80-7127,Gregory Williams,O-,susan81@yahoo.com,18,M,False
064-30-8276,David Hernandez,B-,kmoore@gmail.com,58,F,False
703-17-8635,Dennis Potter,AB+,tylereaton@yahoo.com,61,M,False
303-30-1971,Thomas Zuniga,B+,mortonpatricia@hotmail.com,58,F,False
874-21-0121,Barbara Thomas,O+,yesenia72@yahoo.com,70,M,True
489-49-0944,Peter Sherman,AB-,fpalmer@gmail.com,37,M,False
773-16-4761,James Lopez,A+,amy44@gmail.com,90,M,False
559-11-7259,Tracy Lyons,B-,jasondaniels@hotmail.com,48,F,False
500-38-1937,Jo Lynch,B-,qhuff@gmail.com,21,M,False
185-34-0092,Linda Bradshaw,AB-,djones@hotmail.com,60,M,True
577-16-7793,Robert Kaufman,AB-,jhurst@gmail.com,49,M,False
355-95-2324,Ian Alexander,B+,qharris@yahoo.com,80,F,True
757-05-4997,Randy Mays,AB+,marybuckley@gmail.com,81,F,True
